Nearby 100Bytes;
811;100Byte
859;940
790;855
840;791
806;1041
830;839
847;796
786;878
819;794
810;788
874;1025
796;1747
812;864
824;912
887;825
845;994
817;914
834;860
1045;896
817;828
789;858
784;820
895;1567
840;968
798;816
899;902
921;786
868;798
838;915
877;824
819;824
957;1023
797;849
862;831
815;792
899;795
815;808
800;1099
788;895
796;809
811;960
806;837
782;808
805;890
832;850
811;893
801;912
799;901
810;961
845;896
842;976
818;951
772;811
836;903
795;834
836;908
834;818
871;799
807;879
814;917
802;969
875;863
944;884
850;826
809;851
801;914
792;826
779;811
884;996
781;813
808;920
807;897
781;868
795;795
826;1069
799;900
809;838
793;920
786;886
826;789
794;917
788;866
790;811
834;879
825;839
781;810
792;887
828;857
800;890
799;920
844;871
796;802
818;1200
789;806
825;880
775;1013
815;845
791;830
802;965
891;815
819;815
